{
  "ABIRoot": {
    "kind": "Root",
    "name": "MyLibrary",
    "printedName": "MyLibrary",
    "children": [
      {
        "kind": "Import",
        "name": "SwiftUI",
        "printedName": "SwiftUI",
        "declKind": "Import",
        "moduleName": "MyLibrary",
        "declAttributes": [
          "RawDocComment"
        ]
      },
      {
        "kind": "Import",
        "name": "Combine",
        "printedName": "Combine",
        "declKind": "Import",
        "moduleName": "MyLibrary"
      },
      {
        "kind": "Import",
        "name": "Foundation",
        "printedName": "Foundation",
        "declKind": "Import",
        "moduleName": "MyLibrary"
      },
      {
        "kind": "TypeDecl",
        "name": "SDKManager",
        "printedName": "SDKManager",
        "children": [
          {
            "kind": "Var",
            "name": "shared",
            "printedName": "shared",
            "children": [
              {
                "kind": "TypeNominal",
                "name": "SDKManager",
                "printedName": "MyLibrary.SDKManager",
                "usr": "s:9MyLibrary10SDKManagerC"
              }
            ],
            "declKind": "Var",
            "usr": "s:9MyLibrary10SDKManagerC6sharedACvpZ",
            "mangledName": "$s9MyLibrary10SDKManagerC6sharedACvpZ",
            "moduleName": "MyLibrary",
            "static": true,
            "declAttributes": [
              "HasInitialValue",
              "Final",
              "HasStorage",
              "Custom",
              "AccessControl",
              "RawDocComment"
            ],
            "isLet": true,
            "hasStorage": true,
            "accessors": [
              {
                "kind": "Accessor",
                "name": "Get",
                "printedName": "Get()",
                "children": [
                  {
                    "kind": "TypeNominal",
                    "name": "SDKManager",
                    "printedName": "MyLibrary.SDKManager",
                    "usr": "s:9MyLibrary10SDKManagerC"
                  }
                ],
                "declKind": "Accessor",
                "usr": "s:9MyLibrary10SDKManagerC6sharedACvgZ",
                "mangledName": "$s9MyLibrary10SDKManagerC6sharedACvgZ",
                "moduleName": "MyLibrary",
                "static": true,
                "implicit": true,
                "declAttributes": [
                  "Final"
                ],
                "accessorKind": "get"
              }
            ]
          },
          {
            "kind": "Function",
            "name": "getTimestamp",
            "printedName": "getTimestamp()",
            "children": [
              {
                "kind": "TypeNominal",
                "name": "String",
                "printedName": "Swift.String",
                "usr": "s:SS"
              }
            ],
            "declKind": "Func",
            "usr": "s:9MyLibrary10SDKManagerC12getTimestampSSyF",
            "mangledName": "$s9MyLibrary10SDKManagerC12getTimestampSSyF",
            "moduleName": "MyLibrary",
            "isOpen": true,
            "declAttributes": [
              "Custom",
              "AccessControl"
            ],
            "funcSelfKind": "NonMutating"
          },
          {
            "kind": "Function",
            "name": "getFormattedDate",
            "printedName": "getFormattedDate(format:)",
            "children": [
              {
                "kind": "TypeNominal",
                "name": "String",
                "printedName": "Swift.String",
                "usr": "s:SS"
              },
              {
                "kind": "TypeNominal",
                "name": "String",
                "printedName": "Swift.String",
                "usr": "s:SS"
              }
            ],
            "declKind": "Func",
            "usr": "s:9MyLibrary10SDKManagerC16getFormattedDate6formatS2S_tF",
            "mangledName": "$s9MyLibrary10SDKManagerC16getFormattedDate6formatS2S_tF",
            "moduleName": "MyLibrary",
            "isOpen": true,
            "declAttributes": [
              "Custom",
              "AccessControl",
              "RawDocComment"
            ],
            "funcSelfKind": "NonMutating"
          },
          {
            "kind": "Function",
            "name": "getPlatformName",
            "printedName": "getPlatformName()",
            "children": [
              {
                "kind": "TypeNominal",
                "name": "String",
                "printedName": "Swift.String",
                "usr": "s:SS"
              }
            ],
            "declKind": "Func",
            "usr": "s:9MyLibrary10SDKManagerC15getPlatformNameSSyF",
            "mangledName": "$s9MyLibrary10SDKManagerC15getPlatformNameSSyF",
            "moduleName": "MyLibrary",
            "isOpen": true,
            "declAttributes": [
              "Custom",
              "AccessControl",
              "RawDocComment"
            ],
            "funcSelfKind": "NonMutating"
          },
          {
            "kind": "Function",
            "name": "getLibraryVersion",
            "printedName": "getLibraryVersion()",
            "children": [
              {
                "kind": "TypeNominal",
                "name": "String",
                "printedName": "Swift.String",
                "usr": "s:SS"
              }
            ],
            "declKind": "Func",
            "usr": "s:9MyLibrary10SDKManagerC03getB7VersionSSyF",
            "mangledName": "$s9MyLibrary10SDKManagerC03getB7VersionSSyF",
            "moduleName": "MyLibrary",
            "isOpen": true,
            "declAttributes": [
              "Custom",
              "AccessControl",
              "RawDocComment"
            ],
            "funcSelfKind": "NonMutating"
          }
        ],
        "declKind": "Class",
        "usr": "s:9MyLibrary10SDKManagerC",
        "mangledName": "$s9MyLibrary10SDKManagerC",
        "moduleName": "MyLibrary",
        "isOpen": true,
        "declAttributes": [
          "AccessControl",
          "Custom"
        ],
        "hasMissingDesignatedInitializers": true,
        "conformances": [
          {
            "kind": "Conformance",
            "name": "Copyable",
            "printedName": "Copyable",
            "usr": "s:s8CopyableP",
            "mangledName": "$ss8CopyableP"
          },
          {
            "kind": "Conformance",
            "name": "Escapable",
            "printedName": "Escapable",
            "usr": "s:s9EscapableP",
            "mangledName": "$ss9EscapableP"
          },
          {
            "kind": "Conformance",
            "name": "Sendable",
            "printedName": "Sendable",
            "usr": "s:s8SendableP",
            "mangledName": "$ss8SendableP"
          }
        ]
      }
    ],
    "json_format_version": 8
  },
  "ConstValues": []
}